{"cameraMode":{"drawMode":0,"name":"Shaded","section":"Shading Mode"},"sceneLighting":true,"audioPlay":false,"sceneViewState":{"showFog":true,"showMaterialUpdate":false,"showSkybox":true,"showFlares":true,"showImageEffects":true,"showParticleSystems":true},"in2DMode":false,"pivot":{"x":-246.35296630859376,"y":38.909767150878909,"z":104.95321655273438},"rotation":{"x":0.4210277199745178,"y":-0.13815820217132569,"z":0.06505022197961807,"w":0.8941009640693665},"size":350.84490966796877,"orthographic":true}