{"cameraMode":{"drawMode":0,"name":"Shaded","section":"Shading Mode"},"sceneLighting":true,"audioPlay":false,"sceneViewState":{"showFog":true,"showMaterialUpdate":false,"showSkybox":true,"showFlares":true,"showImageEffects":true,"showParticleSystems":true},"in2DMode":false,"pivot":{"x":-3.464008331298828,"y":3.2319271564483644,"z":21.090736389160158},"rotation":{"x":-0.16749434173107148,"y":-0.01653534732758999,"z":0.0028089089319109918,"w":-0.9857304096221924},"size":21.696374893188478,"orthographic":false}